<?xml version="1.0" encoding="UTF-8"?>
<!DOCTYPE plist PUBLIC "-//Apple//DTD PLIST 1.0//EN" "http://www.apple.com/DTDs/PropertyList-1.0.dtd">
<plist version="1.0">
<dict>
	<key>blocks</key>
	<dict>
		<key>2</key>
		<string>264/320,185/480,50/320,50/480</string>
		
		<key>3</key>
		<string>264/320,245/480,50/320,50/480</string>
		
		<key>4</key>
		<string>264/320,305/480,50/320,50/480</string>
		
		<key>5</key>
		<string>264/320,365/480,50/320,50/480</string>
		
		<key>6</key>
		<string>264/320,425/480,50/320,50/480</string>
		
		<key>1</key>
		<string>264/320,48/480,50/320,50/480</string>
	</dict>
</dict>
</plist>
