<?xml version="1.0" encoding="UTF-8"?>
<!DOCTYPE plist PUBLIC "-//Apple//DTD PLIST 1.0//EN" "http://www.apple.com/DTDs/PropertyList-1.0.dtd">
<plist version="1.0">
<dict>
	<key>blocks</key>
	<dict>
		<key>1</key>
		<string>0,0,164/480,163/800</string>
		
		<key>2</key>
		<string>164/480,0,164/480,163/800</string>
		
		<key>3</key>
		<string>0,163/800,164/480,163/800</string>
		
		<key>4</key>
		<string>164/480,163/800,164/480,163/800</string>
		
		<key>5</key>
		<string>0,326/800,164/480,163/800</string>
	</dict>
</dict>
</plist>
