<?xml version="1.0" encoding="UTF-8"?>
<!DOCTYPE plist PUBLIC "-//Apple//DTD PLIST 1.0//EN" "http://www.apple.com/DTDs/PropertyList-1.0.dtd">
<plist version="1.0">
<dict>
	<key>blocks</key>
	<dict>
		<key>1</key>
		<string>24/320,20/442,100/320,100/442</string>
		<key>2</key>
		<string>134/320,20/442,100/320,100/442</string>
		
		<key>3</key>
		<string>24/320,130/442,100/320,100/442</string>
		<key>4</key>
		<string>134/320,130/442,100/320,100/442</string>
		
		<key>5</key>
		<string>24/320,240/442,100/320,100/442</string>
		<key>6</key>
		<string>134/320,240/442,100/320,100/442</string>
		
	    <key>7</key>
		<string>24/320,350/442,100/320,100/442</string>
		<key>8</key>
		<string>134/320,350/442,100/320,100/442</string>
		
	</dict>
</dict>
</plist>
