<?xml version="1.0" encoding="UTF-8"?>
<!DOCTYPE plist PUBLIC "-//Apple//DTD PLIST 1.0//EN" "http://www.apple.com/DTDs/PropertyList-1.0.dtd">
<plist version="1.0">
<dict>
	<key>blocks</key>
	<dict>
		<key>1</key>
		<string>23/480,50/800,164/480,164/800</string>
		<key>2</key>
		<string>202/480,50/800,164/480,164/800</string>
		
		<key>3</key>
		<string>23/480,228/800,164/480,164/800</string>
		<key>4</key>
		<string>202/480,228/800,164/480,164/800</string>
		
		<key>5</key>
		<string>23/480,406/800,164/480,164/800</string>
		<key>6</key>
		<string>202/480,406/800,164/480,164/800</string>
		
	    <key>7</key>
		<string>23/480,584/800,164/480,164/800</string>
		<key>8</key>
		<string>202/480,584/800,164/480,164/800</string>
		
	</dict>
</dict>
</plist>
