<?xml version="1.0" encoding="UTF-8"?>
<!DOCTYPE plist PUBLIC "-//Apple//DTD PLIST 1.0//EN" "http://www.apple.com/DTDs/PropertyList-1.0.dtd">
<plist version="1.0">
<dict>
	<key>blocks</key>
	<dict>
		<key>1</key>
		<string>0,0,0.5,0.25</string>
		<key>2</key>
		<string>0.5,0,0.5,0.25</string>
		
		<key>3</key>
		<string>0,0.25,0.5,0.25</string>
		<key>4</key>
		<string>0.5,0.25,0.5,0.25</string>
		
		<key>5</key>
		<string>0,0.5,0.5,0.25</string>
		<key>6</key>
		<string>0.5,0.5,0.5,0.25</string>
		
	    <key>7</key>
		<string>0,0.75,0.5,0.25</string>
		<key>8</key>
		<string>0.5,0.75,0.5,0.25</string>
		
	</dict>
</dict>
</plist>
