<?xml version="1.0" encoding="UTF-8"?>
<!DOCTYPE plist PUBLIC "-//Apple//DTD PLIST 1.0//EN" "http://www.apple.com/DTDs/PropertyList-1.0.dtd">
<plist version="1.0">
<dict>
	<key>blocks</key>
	<dict>
		<key>1</key>
		<string>408/480,64/800,50/480,50/800</string>
		
		<key>2</key>
		<string>408/480,310/800,50/480,50/800</string>
		
		<key>3</key>
		<string>408/480,408/800,50/480,50/800</string>
		
		<key>4</key>
		<string>408/480,506/800,50/480,50/800</string>
		
		<key>5</key>
		<string>408/480,604/800,50/480,50/800</string>
		
		<key>6</key>
		<string>408/480,702/800,50/480,50/800</string>
	</dict>
</dict>
</plist>
