<?xml version="1.0" encoding="UTF-8"?>
<project-private xmlns="http://www.netbeans.org/ns/project-private/1">
    <editor-bookmarks xmlns="http://www.netbeans.org/ns/editor-bookmarks/1"/>
    <open-files xmlns="http://www.netbeans.org/ns/projectui-open-files/1">
        <file>file:/E:/Java/Hades/nbProject/2009/YOYOPlayer/src/com/hadeslee/yoyoplayer/lyric/LRCUtil.java</file>
        <file>file:/E:/Java/Hades/nbProject/2009/YOYOPlayer/src/com/hadeslee/yoyoplayer/util/Util.java</file>
        <file>file:/E:/Java/Hades/nbProject/2009/YOYOPlayer/src/com/hadeslee/yoyoplayer/lyric/Lyric.java</file>
        <file>file:/E:/Java/Hades/nbProject/2009/YOYOPlayer/src/com/hadeslee/yoyoplayer/lyric/SearchResult.java</file>
        <file>file:/E:/Java/Hades/nbProject/2009/YOYOPlayer/src/com/hadeslee/yoyoplayer/player/ui/Main.java</file>
        <file>file:/E:/Java/Hades/nbProject/2009/YOYOPlayer/src/com/hadeslee/audiotag/tag/id3/valuepair/EventTimingTimestampTypes.java</file>
        <file>file:/E:/Java/Hades/nbProject/2009/YOYOPlayer/src/com/hadeslee/yoyoplayer/player/ui/CheckThread.java</file>
        <file>file:/E:/Java/Hades/nbProject/2009/YOYOPlayer/src/com/hadeslee/yoyoplayer/player/BasicPlayer.java</file>
        <file>file:/E:/Java/Hades/nbProject/2009/YOYOPlayer/src/com/hadeslee/yoyoplayer/player/ui/TimePanel.java</file>
        <file>file:/E:/Java/Hades/nbProject/2009/YOYOPlayer/src/com/hadeslee/yoyoplayer/util/GAEUtil.java</file>
        <file>file:/E:/Java/Hades/nbProject/2009/YOYOPlayer/src/com/hadeslee/yoyoplayer/util/Config.java</file>
        <file>file:/E:/Java/Hades/nbProject/2009/YOYOPlayer/src/com/hadeslee/yoyoplayer/util/Version.java</file>
        <file>file:/E:/Java/Hades/nbProject/2009/YOYOPlayer/src/com/hadeslee/yoyoplayer/setting/SettingPanel.java</file>
    </open-files>
</project-private>
